{"\u9f8d\u6f6d\u5c01\u6e2c\u5ee0": 0.6, "\u7af9\u79d1": 0.5204081632653061, "\u4e2d\u79d1": 0.41935483870967744, "\u5357\u79d1": 0.6285714285714286, "\u4e2d\u570b": 0.3, "\u7f8e\u570b": 0.5, "\u65b0\u52a0\u5761": 0.4444444444444444}